{
    "source_type": {
        "text": {
            "precision": 0.23462805960610972,
            "recall": 0.672436571835835,
            "f1": 0.2767809157584898,
            "rouge": 0.2921161692017369,
            "bert_f1": 0.6000400437249078,
            "count": 90
        },
        "table": {
            "precision": 0.2642176663618581,
            "recall": 0.5155001181958819,
            "f1": 0.2396023940097364,
            "rouge": 0.27311353436487756,
            "bert_f1": 0.5799341419848,
            "count": 41
        },
        "": {
            "precision": 0.21867724867724866,
            "recall": 0.7777777777777778,
            "f1": 0.3320532514080901,
            "rouge": 0.23677323927636817,
            "bert_f1": 0.6251166065533956,
            "count": 3
        }
    },
    "difficulty": {
        "easy": {
            "precision": 0.2826737897851102,
            "recall": 0.6992706992706994,
            "f1": 0.278137209773794,
            "rouge": 0.35650831474094263,
            "bert_f1": 0.615810490137822,
            "count": 37
        },
        "medium": {
            "precision": 0.24875613586112835,
            "recall": 0.6154812467149131,
            "f1": 0.2734868001364231,
            "rouge": 0.27997192387436554,
            "bert_f1": 0.5850315859068685,
            "count": 67
        },
        "hard": {
            "precision": 0.18266300355577067,
            "recall": 0.5625956747224864,
            "f1": 0.23718159853722742,
            "rouge": 0.20831677699826764,
            "bert_f1": 0.5891383061806361,
            "count": 30
        }
    },
    "question_type": {
        "fact-based": {
            "precision": 0.516306652554117,
            "recall": 0.7463054187192119,
            "f1": 0.47409576712432117,
            "rouge": 0.5278737240564915,
            "bert_f1": 0.7261579601929106,
            "count": 29
        },
        "summarization": {
            "precision": 0.21637410698918508,
            "recall": 0.5226873486841905,
            "f1": 0.2876850208445826,
            "rouge": 0.2438169436919957,
            "bert_f1": 0.6520181440171742,
            "count": 21
        },
        "comparative": {
            "precision": 0.20787577883059383,
            "recall": 0.36010857563489146,
            "f1": 0.22607319501307477,
            "rouge": 0.23452488871955954,
            "bert_f1": 0.6131891831755638,
            "count": 20
        },
        "yes/no": {
            "precision": 0.0457794812223491,
            "recall": 0.8070175438596491,
            "f1": 0.0822824622993994,
            "rouge": 0.07472856874629315,
            "bert_f1": 0.41003521649461044,
            "count": 38
        },
        "mcq": {
            "precision": 0.3155476102844524,
            "recall": 0.47368421052631576,
            "f1": 0.33991067412120046,
            "rouge": 0.45739348370927324,
            "bert_f1": 0.6724613152052227,
            "count": 19
        },
        "calculation": {
            "precision": 0.04716981132075472,
            "recall": 0.4166666666666667,
            "f1": 0.08474576271186442,
            "rouge": 0.0684931506849315,
            "bert_f1": 0.47188639640808105,
            "count": 2
        },
        "reasoning": {
            "precision": 0.22291021671826625,
            "recall": 0.6666666666666666,
            "f1": 0.3339130434782609,
            "rouge": 0.35098522167487683,
            "bert_f1": 0.7321411073207855,
            "count": 2
        },
        "hallucination": {
            "precision": 0.21867724867724866,
            "recall": 0.7777777777777778,
            "f1": 0.3320532514080901,
            "rouge": 0.23677323927636817,
            "bert_f1": 0.6251166065533956,
            "count": 3
        }
    }
}