{
    "source_type": {
        "text": {
            "precision": 0.2,
            "recall": 0.3333333333333333,
            "f1": 0.25,
            "rouge": 0.23529411764705885,
            "bert_f1_sum": 0.6350092887878418,
            "count": 1
        }
    },
    "difficulty": {
        "medium": {
            "precision": 0.2,
            "recall": 0.3333333333333333,
            "f1": 0.25,
            "rouge": 0.23529411764705885,
            "bert_f1_sum": 0.6350092887878418,
            "count": 1
        }
    },
    "question_type": {
        "comparative": {
            "precision": 0.2,
            "recall": 0.3333333333333333,
            "f1": 0.25,
            "rouge": 0.23529411764705885,
            "bert_f1_sum": 0.6350092887878418,
            "count": 1
        }
    }
}