{
    "source_type": {
        "text": {
            "precision": 0.22689140368015884,
            "recall": 0.6453924592120122,
            "f1": 0.26459780330532323,
            "rouge": 0.28081046656042685,
            "bert_f1": 0.5933258722225825,
            "count": 90
        },
        "table": {
            "precision": 0.2641508188385127,
            "recall": 0.5147610198958079,
            "f1": 0.24101456614330694,
            "rouge": 0.2648985406622229,
            "bert_f1": 0.5765829580586131,
            "count": 41
        },
        "": {
            "precision": 0.18363239015412927,
            "recall": 0.7777777777777778,
            "f1": 0.2947758924770419,
            "rouge": 0.21119161164098801,
            "bert_f1": 0.6171082258224487,
            "count": 3
        }
    },
    "difficulty": {
        "easy": {
            "precision": 0.3034191785387836,
            "recall": 0.6767481767481768,
            "f1": 0.29254694780641305,
            "rouge": 0.36675384414509815,
            "bert_f1": 0.6218753279866399,
            "count": 37
        },
        "medium": {
            "precision": 0.22552276050884487,
            "recall": 0.6000853998622201,
            "f1": 0.2517622025934322,
            "rouge": 0.2542066176841652,
            "bert_f1": 0.5714115971949563,
            "count": 67
        },
        "hard": {
            "precision": 0.1821590838009365,
            "recall": 0.5426150715897093,
            "f1": 0.22958075147295215,
            "rouge": 0.20552071247682707,
            "bert_f1": 0.5865530103445054,
            "count": 30
        }
    },
    "question_type": {
        "fact-based": {
            "precision": 0.48836406099189905,
            "recall": 0.7635467980295566,
            "f1": 0.47373082866363575,
            "rouge": 0.5227680473318722,
            "bert_f1": 0.7361984848976135,
            "count": 29
        },
        "summarization": {
            "precision": 0.22138442154008317,
            "recall": 0.5242443263281247,
            "f1": 0.28883390121437297,
            "rouge": 0.23892608300237042,
            "bert_f1": 0.6522904804774693,
            "count": 21
        },
        "comparative": {
            "precision": 0.22723159849679697,
            "recall": 0.3602600907864066,
            "f1": 0.24193274988282853,
            "rouge": 0.24916594080751947,
            "bert_f1": 0.6223487496376038,
            "count": 20
        },
        "yes/no": {
            "precision": 0.04357133892857224,
            "recall": 0.7543859649122806,
            "f1": 0.07778998099819907,
            "rouge": 0.07255623137882518,
            "bert_f1": 0.40927934803460775,
            "count": 38
        },
        "mcq": {
            "precision": 0.3025215851302808,
            "recall": 0.42982456140350883,
            "f1": 0.2803405171826225,
            "rouge": 0.38964577188261396,
            "bert_f1": 0.61455038189888,
            "count": 19
        },
        "calculation": {
            "precision": 0.04,
            "recall": 0.3333333333333333,
            "f1": 0.07142857142857142,
            "rouge": 0.07246376811594202,
            "bert_f1": 0.43385839462280273,
            "count": 2
        },
        "reasoning": {
            "precision": 0.20526315789473684,
            "recall": 0.6666666666666666,
            "f1": 0.31384615384615383,
            "rouge": 0.3337041156840934,
            "bert_f1": 0.7238046824932098,
            "count": 2
        },
        "hallucination": {
            "precision": 0.18363239015412927,
            "recall": 0.7777777777777778,
            "f1": 0.2947758924770419,
            "rouge": 0.21119161164098801,
            "bert_f1": 0.6171082258224487,
            "count": 3
        }
    }
}