{
    "source_type": {
        "text": {
            "precision": 20.420226331214295,
            "recall": 58.0853213290811,
            "f1": 23.813802297479093,
            "rouge": 25.272941990438415,
            "bert_f1_sum": 53.39932852983475,
            "count": 90
        },
        "table": {
            "precision": 10.830183572379022,
            "recall": 21.105201815728126,
            "f1": 9.881597211875585,
            "rouge": 10.860840167151139,
            "bert_f1_sum": 23.639901340007782,
            "count": 41
        },
        "": {
            "precision": 0.5508971704623878,
            "recall": 2.3333333333333335,
            "f1": 0.8843276774311257,
            "rouge": 0.6335748349229641,
            "bert_f1_sum": 1.8513246774673462,
            "count": 3
        }
    },
    "difficulty": {
        "easy": {
            "precision": 11.226509605934993,
            "recall": 25.03968253968254,
            "f1": 10.824237068837283,
            "rouge": 13.569892233368632,
            "bert_f1_sum": 23.009387224912643,
            "count": 37
        },
        "medium": {
            "precision": 15.110024954092607,
            "recall": 40.20572179076875,
            "f1": 16.868067573759955,
            "rouge": 17.031843384839068,
            "bert_f1_sum": 38.28457701206207,
            "count": 67
        },
        "hard": {
            "precision": 5.464772514028096,
            "recall": 16.27845214769128,
            "f1": 6.887422544188564,
            "rouge": 6.165621374304812,
            "bert_f1_sum": 17.59659031033516,
            "count": 30
        }
    },
    "question_type": {
        "fact-based": {
            "precision": 14.162557768765073,
            "recall": 22.142857142857142,
            "f1": 13.738194031245436,
            "rouge": 15.160273372624294,
            "bert_f1_sum": 21.349756121635437,
            "count": 29
        },
        "summarization": {
            "precision": 4.649072852341747,
            "recall": 11.00913085289062,
            "f1": 6.065511925501832,
            "rouge": 5.017447743049779,
            "bert_f1_sum": 13.698100090026855,
            "count": 21
        },
        "comparative": {
            "precision": 4.544631969935939,
            "recall": 7.205201815728132,
            "f1": 4.838654997656571,
            "rouge": 4.98331881615039,
            "bert_f1_sum": 12.446974992752075,
            "count": 20
        },
        "yes/no": {
            "precision": 1.6557108792857451,
            "recall": 28.666666666666664,
            "f1": 2.956019277931565,
            "rouge": 2.757136792395357,
            "bert_f1_sum": 15.552615255117416,
            "count": 38
        },
        "mcq": {
            "precision": 5.747910117475335,
            "recall": 8.166666666666668,
            "f1": 5.326469826469827,
            "rouge": 7.403269665769665,
            "bert_f1_sum": 11.67645725607872,
            "count": 19
        },
        "calculation": {
            "precision": 0.08,
            "recall": 0.6666666666666666,
            "f1": 0.14285714285714285,
            "rouge": 0.14492753623188404,
            "bert_f1_sum": 0.8677167892456055,
            "count": 2
        },
        "reasoning": {
            "precision": 0.4105263157894737,
            "recall": 1.3333333333333333,
            "f1": 0.6276923076923077,
            "rouge": 0.6674082313681868,
            "bert_f1_sum": 1.4476093649864197,
            "count": 2
        },
        "hallucination": {
            "precision": 0.5508971704623878,
            "recall": 2.3333333333333335,
            "f1": 0.8843276774311257,
            "rouge": 0.6335748349229641,
            "bert_f1_sum": 1.8513246774673462,
            "count": 3
        }
    }
}